{
  "mean": [
    6.50025,
    40.10308333333333,
    2.5029166666666667,
    55.06225,
    60.14475
  ],
  "scale": [
    3.459551985084196,
    23.458988124520396,
    1.1259772761423246,
    26.190676616005298,
    23.247884436456435
  ],
  "feature_names": [
    "Month",
    "Wind speed",
    "Wind direction",
    "Sun",
    "Cloud cover"
  ]
}